testcase_,1_mean,1_min,1_max,2_mean,2_min,2_max,best_mean,best_min,best_max,1_mean_gflops,1_min_gflops,1_max_gflops,2_mean_gflops,2_min_gflops,2_max_gflops,best_mean_gflops,best_min_gflops,best_max_gflops
0,1.0226773333333333e-05,9.49519e-06,1.1339e-05,9.868453333333332e-06,9.49519e-06,1.06061e-05,9.176416666666667e-06,9.17266e-06,9.18102e-06,6562.076,5918.411,7067.669,6800.343,6327.384,7067.669,7313.188,7309.522,7316.184
1,0.0001089696666666,0.000103763,0.00011606,0.000107863,0.000102122,0.00011606,9.32866e-05,9.18034e-05,9.41401e-05,39414.338,37006.439,41392.089,39818.726,37006.439,42057.219,46040.56,45623.144,46784.403
2,8.43005e-06,7.76365e-06,9.64093e-06,7.464303333333334e-06,7.16745e-06,7.76365e-06,7.153806666666666e-06,7.14864e-06,7.1577e-06,5970.504,5220.622,6482.988,6742.98,6482.988,7022.253,7035.646,7031.819,7040.731
3,6.36766e-05,5.55166e-05,7.15051e-05,6.049693333333333e-05,5.53706e-05,6.48104e-05,5.586976666666667e-05,5.53706e-05,5.62033e-05,37940.454,33786.668,43517.058,39934.571,37276.72,43631.803,43241.976,42985.36,43631.803
4,0.000137992,0.000129475,0.000147475,0.0001299183333333,0.00012383,0.000137026,0.0001242,0.00012383,0.000124668,31124.756,29123.359,33172.175,33058.978,31344.178,34684.384,34581.057,34451.241,34684.384
5,8.894239999999999e-05,8.38456e-05,9.60326e-05,8.305316666666667e-05,8.24496e-05,8.36314e-05,8.14176e-05,7.84634e-05,8.36314e-05,27162.738,25157.281,28813.904,29088.826,28887.704,29301.769,29673.18,28887.704,30790.395
