testcase_,1_mean,1_min,1_max,2_mean,2_min,2_max,best_mean,best_min,best_max,1_mean_gflops,1_min_gflops,1_max_gflops,2_mean_gflops,2_min_gflops,2_max_gflops,best_mean_gflops,best_min_gflops,best_max_gflops
0,1.5015233333333332e-05,1.33898e-05,1.74041e-05,1.2066333333333332e-05,1.09161e-05,1.30032e-05,9.87909e-06,8.83812e-06,1.0824e-05,4469.385,3855.923,5011.939,5561.662,5160.95,6147.696,6793.021,6200.006,7593.115
1,0.0001066133,9.97259e-05,0.000115125,0.0001007770666666,9.80813e-05,0.000104524,9.478926666666668e-05,9.13842e-05,0.00010093,40285.474,37306.991,43067.722,42618.499,41090.728,43789.869,45310.692,42553.921,46999.014
2,1.2905666666666667e-05,1.15626e-05,1.39728e-05,9.24907e-06,8.06206e-06,1.02835e-05,8.185433333333333e-06,7.54883e-06,9.09598e-06,3899.965,3602.116,4352.97,5441.806,4894.408,6243.026,6148.929,5533.395,6667.477
3,6.949873333333334e-05,6.31399e-05,7.81449e-05,6.499366666666666e-05,5.81865e-05,6.95831e-05,5.829713333333334e-05,5.687e-05,6.10099e-05,34762.06,30915.89,38262.954,37171.608,34719.912,41520.269,41441.473,39598.805,42481.433
4,0.0001681495,0.000164737,0.000171562,0.000148445,0.00014512,0.000153483,0.0001327046666666,0.000129156,0.000136925,25542.552,25034.491,26071.661,28933.055,27983.342,29595.971,32364.855,31367.298,33254.106
5,0.0001061055333333,9.76976e-05,0.000114062,9.345963333333332e-05,8.57996e-05,9.76976e-05,8.476859999999999e-05,8.2101e-05,8.64372e-05,22769.021,21180.753,24728.541,25849.867,24728.541,28157.697,28500.165,27949.993,29426.184
